2001;Linguagem de Programação;Desenvolvimento de Aplicações Web com HTML5, CSS3, JavaScript e PhoneGap;Presencial;60
2005;Sistema Operacional;Linux II;Presencial;40
2008;Design;Dreamweaver CC;Online;30
2011;Linguagem de Programação;Programando com a Linguagem Python;Online;6
2014;Banco de Dados;Oracle Database 11g - Workshop de Administração II;Presencial;36
2018;Linguagem de Programação;Android Developer;Presencial;100
2019;Linguagem de Programação;Visual Studio 2015 - C# Fundamentos;Presencial;60
2020;Banco de Dados;SQL 2014 - Módulo II;Online;40
2022;Banco de Dados;SQL 2012 - Módulo I;Online;40
2025;Linguagem de Programação;C# 2017 - Módulo II;Online;21
2029;Linguagem de Programação;Java Web;Online;40
2033;Design;CSS3;Online;40
2036;Design;CSS3;Presencial;40
2037;Design;HTML5 Fundamentos;Presencial;40
2038;Sistema Operacional;Windows Server 2016;Presencial;120
2042;Linguagem de Programação;Desenvolvendo Aplicações Web com Angular 4 - MEAN;Online;10
2046;Linguagem de Programação;Criando sua Primeira Aplicação ASP.NET MVC;Online;9
2051;Linguagem de Programação;ASP.NET 2013 com C# - Acesso a Dados;Online;40
2054;Linguagem de Programação;Desenvolvendo Web Services com Java;Online;4
2058;Linguagem de Programação;Iniciando a Programação em PHP 7;Online;21
2061;Linguagem de Programação;ASP.NET 2013 com C# - Módulo II;Online;20
2064;Linguagem de Programação;Java - Criando um Aplicativo Completo;Online;16
2068;Design;Canvas - Design de Interação;Online;20
2072;Linguagem de Programação;Introdução à Lógica de Programação;Ao Vivo;40
2075;Linguagem de Programação;Desenvolvimento de Aplicações com AngularJS;Online;8
2077;Banco de Dados;MySQL - Módulo I;Ao Vivo;40
2082;Linguagem de Programação;Desenvolvendo Aplicações Java Web com Spring MVC;Presencial;60
2085;Banco de Dados;MySQL - Módulo I;Presencial;40
2088;Linguagem de Programação;Desenvolvimento Web com MEAN Stack;Presencial;60
2092;Banco de Dados;Oracle 11g - Introduction to SQL;Presencial;36
2094;Banco de Dados;SQL 2016 - Programação em T-SQL;Online;22
2095;Linguagem de Programação;ASP.NET 2013 com C# - Recursos Avançados;Online;40
2100;Banco de Dados;SQL 2016 - Módulo II;Presencial;40
2102;Linguagem de Programação;Android Developer;Ao Vivo;100
2106;Design;Canvas - Composição Gráfica para Web;Online;20
2107;Sistema Operacional;Ambiente Mac OS X;Presencial;8
2111;Linguagem de Programação;C# 2017 - Módulo I;Online;21
2116;Banco de Dados;SQL 2016 - Módulo I;Presencial;40
2120;Design;HTML5 Fundamentos;Online;40
2124;Banco de Dados;Oracle Database 11g - Workshop de Administração I;Presencial;36
2129;Linguagem de Programação;C# 2013 - Módulo I;Online;30
2134;Design;Axure - Conhecendo o Potencial da Ferramenta;Online;8
2139;Linguagem de Programação;Programando com JavaScript;Online;18
2142;Linguagem de Programação;Introdução à Lógica de Programação;Presencial;40
2147;Linguagem de Programação;Visual Studio 2015 - C# Acesso a Dados;Presencial;40
2148;Linguagem de Programação;Introdução à Programação Orientada a Objeto;Ao Vivo;16
2152;Linguagem de Programação;PHP 7 com Orientação a Objeto;Online;10
2155;Linguagem de Programação;ASP.NET 2013 com C# - Módulo I;Online;20
2156;Linguagem de Programação;Desenvolvimento Web com ASP.NET e Visual Studio 2017;Presencial;100
2160;Linguagem de Programação;PHP 7 - Módulo I;Presencial;40
2163;Linguagem de Programação;Java Programmer - Módulo II;Online;30
2165;Banco de Dados;SQL 2016 - Módulo III;Presencial;40
2170;Linguagem de Programação;PHP 7 - Módulo II;Presencial;40
2173;Banco de Dados;Oracle 11g - Program with PL/SQL;Presencial;36
2175;Sistema Operacional;Linux I;Presencial;40
2177;Linguagem de Programação;PHP - Módulo I;Ao Vivo;40
2179;Banco de Dados;SQL 2016 - Business Intelligence;Presencial;40
2180;Linguagem de Programação;Visual Studio 2015 - C# Recursos Avançados;Presencial;40
2184;Linguagem de Programação;PHP - Módulo II;Ao Vivo;40
2187;Linguagem de Programação;C# 2013 - Módulo II;Online;30
2188;Sistema Operacional;Linux Administração;Presencial;60
2193;Linguagem de Programação;Introdução à Lógica de Programação;Online;40
2194;Linguagem de Programação;Java Web;Presencial;40
2195;Linguagem de Programação;Java Programmer;Presencial;100
2196;Linguagem de Programação;Java Programmer - Módulo III;Online;30
2199;Linguagem de Programação;Java Programmer - Módulo I;Online;40
2203;Banco de Dados;SQL 2014 - Módulo I;Online;40
2205;Linguagem de Programação;Introdução à Programação Orientada a Objeto;Presencial;16
2209;Banco de Dados;MySQL - Criando e Manipulando Banco de Dados;Online;25
2210;Banco de Dados;SQL 2016 - Criando Sistemas de Banco de Dados;Online;22
2211;Linguagem de Programação;Introdução à Programação Orientada a Objeto;Online;16
2214;Linguagem de Programação;Desenvolvimento de Aplicações Web com HTML5, CSS3, JavaScript e PhoneGap;Ao Vivo;60
